{
  "Link Color" : {
    "Red Component" : 0,
    "Color Space" : "sRGB",
    "Blue Component" : 0.73423302173614502,
    "Alpha Component" : 1,
    "Green Component" : 0.35916060209274292
  },
  "Tags" : [

  ],
  "Ansi 12 Color" : {
    "Red Component" : 0.23137255012989044,
    "Color Space" : "sRGB",
    "Blue Component" : 0.91764706373214722,
    "Alpha Component" : 1,
    "Green Component" : 0.55686277151107788
  },
  "Ansi 7 Color" : {
    "Red Component" : 0.89803922176361084,
    "Color Space" : "sRGB",
    "Blue Component" : 0.89803922176361084,
    "Alpha Component" : 1,
    "Green Component" : 0.89803922176361084
  },
  "Ansi 8 Color" : {
    "Red Component" : 0.40000000596046448,
    "Color Space" : "sRGB",
    "Blue Component" : 0.40000000596046448,
    "Alpha Component" : 1,
    "Green Component" : 0.40000000596046448
  },
  "Bold Color" : {
    "Red Component" : 0.99999600648880005,
    "Color Space" : "sRGB",
    "Blue Component" : 1,
    "Alpha Component" : 1,
    "Green Component" : 1
  },
  "Ansi 9 Color" : {
    "Red Component" : 0.87450980392156863,
    "Color Space" : "P3",
    "Blue Component" : 0.32549019607843138,
    "Alpha Component" : 1,
    "Green Component" : 0.34901960784313724
  },
  "Ansi 1 Color" : {
    "Red Component" : 0.87450980392156863,
    "Color Space" : "P3",
    "Blue Component" : 0.32549019607843138,
    "Alpha Component" : 1,
    "Green Component" : 0.34901960784313724
  },
  "Custom Directory" : "No",
  "Rows" : 40,
  "Default Bookmark" : "No",
  "Cursor Guide Color" : {
    "Red Component" : 0.70213186740875244,
    "Color Space" : "sRGB",
    "Blue Component" : 1,
    "Alpha Component" : 0.25,
    "Green Component" : 0.9268307089805603
  },
  "Non-ASCII Anti Aliased" : true,
  "Use Bright Bold" : true,
  "Ansi 10 Color" : {
    "Red Component" : 0.52941176470588236,
    "Color Space" : "P3",
    "Blue Component" : 0.37254901960784315,
    "Alpha Component" : 1,
    "Green Component" : 0.68627450980392157
  },
  "Icon" : 0,
  "Ambiguous Double Width" : false,
  "Jobs to Ignore" : [
    "rlogin",
    "ssh",
    "slogin",
    "telnet"
  ],
  "Show Status Bar" : true,
  "Ansi 15 Color" : {
    "Red Component" : 0.89803922176361084,
    "Color Space" : "sRGB",
    "Blue Component" : 0.89803922176361084,
    "Alpha Component" : 1,
    "Green Component" : 0.89803922176361084
  },
  "Foreground Color" : {
    "Red Component" : 0.80000001192092896,
    "Color Space" : "sRGB",
    "Blue Component" : 0.80000001192092896,
    "Alpha Component" : 1,
    "Green Component" : 0.80000001192092896
  },
  "Working Directory" : "\/Users\/bryce",
  "Blinking Cursor" : false,
  "Disable Window Resizing" : true,
  "Sync Title" : false,
  "Prompt Before Closing 2" : false,
  "BM Growl" : true,
  "Command" : "",
  "Description" : "Default",
  "Mouse Reporting" : true,
  "Screen" : -1,
  "Selection Color" : {
    "Red Component" : 0.22745098173618317,
    "Color Space" : "sRGB",
    "Blue Component" : 0.25490197539329529,
    "Alpha Component" : 1,
    "Green Component" : 0.23921568691730499
  },
  "Columns" : 130,
  "Idle Code" : 0,
  "Ansi 13 Color" : {
    "Red Component" : 0.78823529411764703,
    "Color Space" : "P3",
    "Blue Component" : 0.81960784313725488,
    "Alpha Component" : 1,
    "Green Component" : 0.45882352941176469
  },
  "Custom Command" : "No",
  "ASCII Anti Aliased" : true,
  "Non Ascii Font" : "Monaco 12",
  "Vertical Spacing" : 1,
  "Use Bold Font" : true,
  "Left Option Key Changeable" : false,
  "Selected Text Color" : {
    "Red Component" : 0.87843137979507446,
    "Color Space" : "sRGB",
    "Blue Component" : 0.87843137979507446,
    "Alpha Component" : 1,
    "Green Component" : 0.87843137979507446
  },
  "Option Key Sends" : 2,
  "Background Color" : {
    "Red Component" : 0.11764705926179886,
    "Color Space" : "sRGB",
    "Blue Component" : 0.11764705926179886,
    "Alpha Component" : 1,
    "Green Component" : 0.11764705926179886
  },
  "Ansi 11 Color" : {
    "Red Component" : 0.84313725490196079,
    "Color Space" : "P3",
    "Blue Component" : 0.37254901960784315,
    "Alpha Component" : 1,
    "Green Component" : 0.68627450980392157
  },
  "Character Encoding" : 4,
  "Use Italic Font" : true,
  "Unlimited Scrollback" : false,
  "Keyboard Map" : {

  },
  "Window Type" : 0,
  "Background Image Location" : "",
  "Blur" : false,
  "Badge Color" : {
    "Red Component" : 1,
    "Color Space" : "sRGB",
    "Blue Component" : 0,
    "Alpha Component" : 0.5,
    "Green Component" : 0.1491314172744751
  },
  "Scrollback Lines" : 1000,
  "Send Code When Idle" : false,
  "Close Sessions On End" : true,
  "Terminal Type" : "xterm-256color",
  "Visual Bell" : true,
  "Flashing Bell" : true,
  "Show Timestamps" : 2,
  "Status Bar Layout" : {
    "components" : [
      {
        "class" : "iTermStatusBarBatteryComponent",
        "configuration" : {
          "knobs" : {
            "ShowPercentage" : 1,
            "base: priority" : 5,
            "shared text color" : {
              "Red Component" : 0.81214404106140137,
              "Color Space" : "P3",
              "Blue Component" : 0.34680992364883423,
              "Alpha Component" : 1,
              "Green Component" : 0.3827434778213501
            },
            "ShowTime" : 0
          },
          "layout advanced configuration dictionary value" : {
            "font" : ".AppleSystemUIFont 12",
            "remove empty components" : true,
            "default text color" : {
              "Red Component" : 0.80000001192092896,
              "Color Space" : "P3",
              "Blue Component" : 0.80000001192092896,
              "Alpha Component" : 1,
              "Green Component" : 0.80000001192092896
            },
            "auto-rainbow style" : 0,
            "algorithm" : 1,
            "background color" : {
              "Red Component" : 0.11372547596693039,
              "Color Space" : "P3",
              "Blue Component" : 0.11372547596693039,
              "Alpha Component" : 1,
              "Green Component" : 0.11372547596693039
            }
          }
        }
      },
      {
        "class" : "iTermStatusBarCPUUtilizationComponent",
        "configuration" : {
          "knobs" : {
            "base: priority" : 5,
            "shared text color" : {
              "Red Component" : 0.81811743974685669,
              "Color Space" : "P3",
              "Blue Component" : 0.41934004426002502,
              "Alpha Component" : 1,
              "Green Component" : 0.6922488808631897
            }
          },
          "layout advanced configuration dictionary value" : {
            "font" : ".AppleSystemUIFont 12",
            "remove empty components" : true,
            "default text color" : {
              "Red Component" : 0.80000001192092896,
              "Color Space" : "P3",
              "Blue Component" : 0.80000001192092896,
              "Alpha Component" : 1,
              "Green Component" : 0.80000001192092896
            },
            "auto-rainbow style" : 0,
            "algorithm" : 1,
            "background color" : {
              "Red Component" : 0.11372547596693039,
              "Color Space" : "P3",
              "Blue Component" : 0.11372547596693039,
              "Alpha Component" : 1,
              "Green Component" : 0.11372547596693039
            }
          }
        }
      },
      {
        "class" : "iTermStatusBarMemoryUtilizationComponent",
        "configuration" : {
          "knobs" : {
            "base: priority" : 5,
            "shared text color" : {
              "Red Component" : 0.56143772602081299,
              "Color Space" : "P3",
              "Blue Component" : 0.4091373085975647,
              "Alpha Component" : 1,
              "Green Component" : 0.68179816007614136
            }
          },
          "layout advanced configuration dictionary value" : {
            "font" : ".AppleSystemUIFont 12",